{"cameraMode":{"drawMode":0,"name":"Shaded","section":"Shading Mode"},"sceneLighting":true,"audioPlay":false,"sceneViewState":{"m_AlwaysRefresh":false,"showFog":true,"showSkybox":true,"showFlares":true,"showImageEffects":true,"showParticleSystems":true,"showVisualEffectGraphs":true,"m_FxEnabled":true},"in2DMode":false,"pivot":{"x":17.566402435302736,"y":5.127532482147217,"z":-14.908037185668946},"rotation":{"x":-0.012775980867445469,"y":-0.9843843579292297,"z":0.0856783464550972,"w":-0.15430870652198792},"size":-0.09755778312683106,"orthographic":false}